{
    "fecha_inicio": "1748583472000",
    "exchange": "BYBIT",
    "activo": "PAXG",
    "inverso": false,
    "balance_inicial": "150.03920102",
    "balance_actual": "78.52052073",
    "ganancias_del_grid": "0.6175599359999859",
    "ganancia_actual": "-47.819168105564735",
    "riesgo_maximo": "-48.22687262934346",
    "beneficio_maximo": "0.024394338113750788",
    "cantidad_parejeas": "2",
    "parejas_completadas": "1",
    "parejas": [
        {
            "general": {
                "fecha": "2025-05-30 - 06:59:38 AM",
                "beneficios": "0"
            },
            "compra": {
                "orderId": "578bc536-0ce9-4531-8072-97f3df4570ed",
                "price": "3295.64",
                "cantidad": "0.045",
                "monto": "148.3038",
                "ejecutada": true,
                "fecha_ejecucion": "2025-05-30 - 08:53:30 AM"
            },
            "venta": {
                "orderId": "3d9afc8e-fa37-4242-bbb9-1cd4da1e3a46",
                "price": "3306.52",
                "cantidad": "0.045",
                "monto": "148.7934",
                "ejecutada": false,
                "fecha_ejecucion": "-"
            },
            "sl": {
                "orderId": ""
            }
        },
        {
            "general": {
                "fecha": "2025-05-30 - 12:48:53 AM",
                "beneficios": "0.6175599359999859"
            },
            "compra": {
                "orderId": "587f8405-c3be-4f27-863c-1b2f8f054392",
                "price": "3306.52",
                "cantidad": "0.056",
                "monto": "185.16512",
                "ejecutada": true,
                "fecha_ejecucion": "2025-05-30 - 01:10:23 AM"
            },
            "venta": {
                "orderId": "ecae6c6c-5d96-4adf-aa6e-b1a9d18961f0",
                "price": "3317.56",
                "cantidad": "0.056",
                "monto": "185.78336",
                "ejecutada": true,
                "fecha_ejecucion": "2025-05-30 - 07:44:06 AM"
            },
            "sl": {
                "orderId": ""
            }
        }
    ]
}