{
    "exchange": "BYBIT",
    "activo": "BTC",
    "direccion": "SHORT",
    "inverso": false,
    "auto": false,
    "pausa": false,
    "apalancamiento": 9,
    "precio_referencia": 0,
    "distancia_grid": 0.9,
    "ganancia_long": 0,
    "ganancia_short": 0.63,
    "descarga_breakeven": false,
    "invertir_ganancias_grid": false,
    "condicional_long": true,
    "condicional_short": true,
    "umbral_libro": 0,
    "tp": 3.06,
    "sl": 1.8,
    "reiniciar_parejas": false
}