{
    "exchange": "BYBIT",
    "activo": "PAXG",
    "direccion": "LONG",
    "inverso": false,
    "auto": true,
    "pausa": false,
    "apalancamiento": 6,
    "precio_referencia": 3274,
    "distancia_grid": 0.22,
    "ganancia_long": 0.405,
    "ganancia_short": 0,
    "descarga_breakeven": false,
    "invertir_ganancias_grid": false,
    "condicional_long": true,
    "condicional_short": true,
    "umbral_libro": 0,
    "tp": 0,
    "sl": 0,
    "reiniciar_parejas": false
}